date,CA-AB,CA-BC,CA-MB,CA-NB,CA-NL,CA-NT,CA-NS,CA-NU,CA-ON,CA-PE,CA-QC,CA-SK,CA-YT
2020-01-01,0,3.62962963,0,0,0,0,10.37037037,0,1.866666667,0,1.348148148,0,0
2020-01-02,0,5.941176471,0,0,0,0,0,0,4.04,0,0,0,0
2020-01-03,9.236434109,0,0,0,0,0,0,0,12.31524548,0,5.295555556,0,0
2020-01-04,9.863203761,7.989195046,0,0,0,0,0,0,5.030233918,0,5.622026144,0,0
2020-01-05,5.083333333,4.066666667,0,33.88888889,0,0,0,0,2.711111111,0,0,0,0
2020-01-06,0,0,0,0,0,0,12.12121212,0,4,0,0,0,0
2020-01-07,7.932142857,3.084722222,0,29.08452381,44.06746032,0,0,0,8.813492063,0,2.203373016,0,0
2020-01-08,19.29239766,0,0,0,0,0,0,0,3.472631579,0,7.331111111,0,0
2020-01-09,0,8.474285714,12.83982684,25.67965368,0,0,0,0,1.797575758,0,0,0,0
2020-01-10,4.470588235,0,0,0,0,0,21.28851541,0,3.619047619,0,0,0,0
2020-01-11,29.44522145,0,0,0,0,0,0,0,3.827878788,0,16.19487179,0,0
2020-01-12,0,16.98333333,0,0,0,0,0,0,19.5210728,0,5.856321839,0,0
2020-01-13,6.323423423,4.925614035,0,0,0,0,0,0,6.656235183,0,0,0,0
2020-01-14,0,5.102857143,12.44599303,0,0,0,0,0,4.356097561,0,0,0,0
2020-01-15,3.134722222,2.466666667,0,0,0,0,0,0,5.138888889,0,0,0,0
2020-01-16,4.1124617,9.907294095,16.07598664,0,0,0,0,0,4.486321854,0,2.430091004,18.69300773,0
2020-01-17,4.6,3.6,17.6,0,0,0,20,0,1.2,0,2.6,0,0
2020-01-18,16.75707602,6.855167464,0,0,0,0,38.08426369,0,9.521065922,0,14.4720202,0,0
2020-01-19,4.623214286,3.734134615,17.78159341,0,0,0,0,0,9.957692308,0,0,0,0
2020-01-20,2.674,5.457142857,5.075142857,0,0,0,0,0,1.091428571,0,2.292,0,0
2020-01-21,0,10.21212121,0,23.7491191,0,0,0,0,2.612403101,0,3.562367865,0,0
2020-01-22,5.343643264,4.325806452,0,0,0,0,25.4459203,0,4.325806452,0,3.053510436,23.66470588,0
2020-01-23,35.86722689,6.785691574,0,0,96.93845106,0,41.68353395,0,16.47953668,0,4.846922553,0,0
2020-01-24,0,17.28903413,12.10232389,0,0,0,0,0,5.878271605,0,5.18671024,14.00411765,0
2020-01-25,6.968160377,13.67824074,13.67824074,25.8080014,0,0,16.25904088,0,9.290880503,0,0,0,0
2020-01-26,11.32015306,10.87622549,17.31317527,0,0,0,0,0,22.19637855,0,0,0,0
2020-01-27,62.96694444,59.65289474,0,0,0,0,0,0,110.4683236,0,5.523416179,0,0
2020-01-28,28.2983269,58.9548477,21.81329365,0,0,0,26.52968147,0,33.01471471,0,2.947742385,51.2907175,0
2020-01-29,53.13806452,166.0564516,51.4775,0,0,0,0,0,58.11975806,0,8.302822581,0,0
2020-01-30,16.40115385,35.65468227,0,0,0,0,0,0,35.65468227,0,9.270217391,0,0
2020-01-31,15.37528238,21.66517063,14.90936473,0,0,0,0,0,23.29588239,0,2.096629415,17.23895297,0
2020-02-01,13.88769231,19.00421053,9.502105263,0,0,0,0,0,9.502105263,73.09311741,0,10.96396761,0
2020-02-02,33.04756372,17.67660385,21.51934382,76.85479934,0,0,23.8249878,0,22.28789181,0,6.148383948,0,0
2020-02-03,14.34090391,15.45837694,18.62455053,0,0,0,0,0,18.43830502,0,7.636065717,0,0
2020-02-04,3.817777778,14.68376068,0,0,0,0,0,0,7.048205128,0,0,0,0
2020-02-05,13.12357143,10.47093465,0,0,0,0,0,0,13.9612462,0,9.77287234,0,0
2020-02-06,5.675404858,11.1551061,10.76369887,19.57036158,0,0,0,0,5.088294011,0,3.131257853,0,0
2020-02-07,7.786666667,43.25925926,0,0,0,0,0,0,10.38222222,0,0,0,0
2020-02-08,4.043345543,13.23276723,0,0,0,0,18.37884338,0,7.719114219,0,4.778499278,18.19505495,0
2020-02-09,0,20.39754983,23.99711745,0,0,0,0,0,8.398991108,0,10.3187605,0,0
2020-02-10,6.709308511,5.367446809,0,0,0,0,0,0,7.0075,0,7.454787234,0,0
2020-02-11,4.667363014,3.744148352,0,0,0,0,0,0,5.128970345,0,1.33353229,0,0
2020-02-12,0,15.74297189,0,0,0,0,0,0,13.06666667,0,3.778313253,0,0
2020-02-13,15.47309859,24.95661063,0,0,0,0,0,0,17.71919355,0,2.994793276,0,0
2020-02-14,8.351851852,2.255,0,0,0,0,0,0,6.013333333,0,0,0,0
2020-02-15,2.267241379,5.39819376,0,0,0,0,10.79638752,0,3.130952381,0,1.295566502,0,0
2020-02-16,3.01875,5.03125,0,0,33.54166667,0,14.0875,0,2.683333333,0,5.03125,0,0
2020-02-17,1.975,3.291666667,0,0,0,0,9.216666667,0,3.761904762,0,0,9.404761905,0
2020-02-18,6.511783217,8.062207792,0,0,0,0,0,0,6.821868132,0,0,31.00849151,0
2020-02-19,11.66666667,5.833333333,0,35,0,0,0,0,5.833333333,0,0,0,583.3333333
2020-02-20,11.57072165,14.11063616,0,0,0,0,0,0,3.950978124,0,0,13.68731707,0
2020-02-21,0,0,19.08045977,0,0,0,0,0,5.533333333,0,2.862068966,0,0
2020-02-22,0,6.731707317,21.03658537,0,0,0,13.46341463,0,8.625,0,3.365853659,0,0
2020-02-23,8.062564103,4.278095238,0,0,0,0,0,0,8.227106227,0,0,0,0
2020-02-24,6.572296472,8.175295611,0,0,0,0,16.02999139,0,8.976795181,0,0,15.06819191,0
2020-02-25,7.247916376,11.42940659,27.87660145,25.92523935,0,0,16.72596087,0,9.756810507,0,4.181490217,0,0
2020-02-26,30.54192308,48.47924298,0,0,0,0,0,0,44.11611111,0,4.363131868,0,0
2020-02-27,23.7993784,12.85166434,0,0,0,0,0,0,9.281757576,0,4.283888112,18.32552137,0
2020-02-28,18.72222222,15.04464286,0,33.43253968,0,0,0,0,15.04464286,0,5.349206349,21.3968254,0
2020-02-29,16.8921908,27.40996998,16.25474964,31.87205812,0,0,19.44195545,0,10.51777918,0,10.1990586,0,0
2020-03-01,32.70416667,19.40686813,0,0,0,0,35.93864469,0,28.75091575,0,4.67202381,0,0
2020-03-02,6.100584454,9.998180077,7.625730567,16.94606793,0,0,0,0,4.914359699,0,0,9.489798039,0
2020-03-03,14.67460664,6.178781745,0,0,77.23477181,0,0,0,20.08104067,0,8.495824899,0,0
2020-03-04,13.1296644,21.52404,0,0,0,0,0,0,10.5467796,0,2.5828848,19.371636,0
2020-03-05,23.42389736,22.95541941,0,0,0,0,0,0,21.54998557,0,8.432603049,20.61302968,0
2020-03-06,27.47368421,26.1,0,0,0,0,0,0,9.615789474,0,5.494736842,0,0
2020-03-07,12,10,12,0,0,0,14,0,10,200,6,0,0
2020-03-08,17.23579545,7.021990741,0,63.83627946,0,0,0,0,11.4905303,0,10.21380471,0,0
2020-03-09,35.0304037,11.56003322,0,0,0,0,0,0,15.06307359,0,12.2606413,0,0
2020-03-10,0,17.19030303,0,0,0,0,0,0,23.87542088,0,7.878888889,0,0
2020-03-11,14.97058215,8.316990081,0,0,0,0,0,0,20.43603277,0,14.73295386,23.7628288,0
2020-03-12,6.190729905,10.21470434,12.07192331,0,0,0,15.47682476,0,15.16728827,0,3.714437943,14.54821528,0
2020-03-13,20.82758634,13.43715248,26.53837614,33.5928812,0,0,0,0,18.14015585,0,4.031145744,10.41379317,0
2020-03-14,33.96460677,21.02570896,64.69448909,0,0,0,41.2427368,0,54.18163462,0,4.852086682,80.86811137,0
2020-03-15,5.530178828,30.41598355,69.12723535,44.93270298,0,0,0,0,42.85888592,0,11.06035766,58.75815005,0
2020-03-16,49.22555766,61.84749553,0,126.2193786,0,0,80.78040232,0,54.27433281,0,15.14632544,39.12800737,0
2020-03-17,26.268,21.89,9.95,39.8,0,0,0,0,19.9,0,3.184,0,0
2020-03-18,16.24226884,36.5451049,38.86542902,0,58.00810301,0,0,0,37.70526696,0,6.380891331,0,0
2020-03-19,6.066666667,9.1,30.33333333,30.33333333,0,0,21.23333333,0,15.16666667,0,0,9.1,303.3333333
2020-03-20,25.796356,22.19686446,0,31.1955933,0,0,19.79720344,0,27.59610176,0,12.59822037,59.99152557,0
2020-03-21,31.47124699,53.3410966,12.80186318,50.67404177,36.27194569,0,32.53806893,0,41.07264438,0,14.40209608,46.94016501,0
2020-03-22,37.24185178,47.14158453,24.04220811,24.51362395,36.29902009,0,30.1706141,0,35.35618839,0,6.128405988,31.11344579,0
2020-03-23,61.6122311,46.76591035,18.55790093,74.23160373,55.6737028,0,72.74697166,0,70.52002355,0,5.938528299,23.75411319,0
2020-03-24,18.9273902,29.25142122,50.47304054,20.07450476,57.35572788,0,13.19181741,0,30.39853578,0,8.029801904,0,0
2020-03-25,38.41666667,38.41666667,51.22222222,0,0,0,0,0,34.14814815,115.25,17.07407407,17.07407407,426.8518519
2020-03-26,45.47348485,50.02083333,27.28409091,27.28409091,0,454.7348485,31.83143939,0,36.37878788,0,4.547348485,31.83143939,0
2020-03-27,9.741114884,17.76320949,9.168108126,0,0,0,57.30067579,0,21.7742568,0,4.584054063,22.92027032,0
2020-03-28,11.08095238,19.39166667,16.62142857,16.62142857,0,277.0238095,30.47261905,0,22.16190476,0,0,19.39166667,0
2020-03-29,47.1482906,53.88376068,0,32.33025641,0,0,21.55350427,0,36.37153846,134.7094017,17.51222222,40.41282051,0
2020-03-30,42.57326993,41.28317084,64.50495444,38.70297266,59.34455808,0,107.0782244,0,59.34455808,0,6.450495444,129.0099089,0
2020-03-31,22.77358416,37.9559736,57.56655996,63.25995599,0,0,14.54978988,0,36.05817492,0,14.54978988,41.75157096,0
2020-04-01,66.02255306,99.88027258,62.63678111,77.87275489,60.94389513,0,54.17235123,0,88.03007075,169.2885976,16.92885976,50.78657928,0
2020-04-02,61.52039618,60.26487789,62.77591447,28.87692066,43.94314013,0,77.84213394,0,59.0093596,125.5518289,7.533109737,74.07557908,0
2020-04-03,70.57223453,102.2786008,67.50387651,83.86845263,0,0,101.2558148,0,68.52666252,93.0735267,14.31900411,26.5924362,0
2020-04-04,114.9184595,87.00969079,96.85984447,164.1692279,116.5601518,0,70.592768,0,103.4266136,0,42.68399926,119.8435364,0
2020-04-05,182.7817406,168.7216067,138.5927484,92.3951656,192.8246934,0,140.601339,0,128.5497956,200.8590556,18.07731501,28.12026779,0
2020-04-06,85.30445344,121.8635049,79.2112782,152.3293811,134.0498554,609.3175246,103.5839792,0,97.49080393,127.9566802,24.37270098,231.5406593,0
2020-04-07,97.11642586,84.71858426,138.4425645,206.6306933,78.51966346,0,128.1110299,0,84.71858426,0,16.53045547,119.8458021,0
2020-04-08,138.9030541,97.2321379,55.56122166,68.06249653,105.5663211,0,136.1249931,0,108.3443822,0,26.39158029,65.28443545,0
2020-04-09,60.91600985,49.07123016,67.68445539,113.3714628,57.53178708,0,25.38167077,0,50.76334154,169.2111385,20.30533662,23.68955939,0
2020-04-10,159.5014706,113.9296218,182.287395,199.3768382,569.6481092,0,290.5205357,0,96.84017857,0,11.39296218,290.5205357,0
2020-04-11,53.33225108,47.99902597,37.33257576,69.33192641,74.66515152,474.6570346,79.99837662,0,58.66547619,0,10.66645022,63.9987013,533.3225108
2020-04-12,55.28635584,47.95924844,66.61006728,27.31012759,0,0,36.63553701,0,43.29654373,0,17.98471817,32.63893297,0
2020-04-13,54.99390666,38.35101385,44.86345017,72.3604035,0,0,36.90380578,0,34.73299368,0,4.34162421,23.87893315,0
2020-04-14,108.2753656,52.31281711,19.46523427,35.28073712,53.52939425,0,76.64435995,0,70.56147424,0,8.516039994,121.6577142,0
2020-04-15,36.71822344,35.35828924,28.55861823,73.43644689,135.9934202,0,84.3159205,0,38.07815764,0,6.799671008,12.23940781,0
2020-04-16,99.46213282,85.2532567,111.8948994,53.28328544,0,0,177.6109515,0,103.0143519,0,8.880547573,71.04438059,0
2020-04-17,71.13021637,48.06095701,51.90583357,61.51802497,192.243828,0,42.29364217,0,73.05265465,142.2604327,15.37950624,0,0
2020-04-18,60.79621212,60.79621212,13.1129085,0,38.1466429,0,85.82994652,0,65.56454248,119.2082591,23.84165181,78.67745098,0
2020-04-19,44.04324825,46.63402756,129.5389654,0,103.6311723,0,46.63402756,0,51.81558617,0,15.54467585,47.92941721,0
2020-04-20,79.16666667,59.375,39.58333333,19.79166667,178.125,0,39.58333333,1979.166667,39.58333333,0,19.79166667,39.58333333,0
2020-04-21,39.66666667,39.66666667,19.83333333,19.83333333,39.66666667,0,59.5,1983.333333,39.66666667,0,19.83333333,19.83333333,0
2020-04-22,59.69520124,72.48703008,72.48703008,100.9133164,51.16731535,0,44.06074377,0,51.16731535,142.1314315,27.00497199,42.63942946,0
2020-04-23,24.12762715,73.47959177,69.09275047,0,109.6710325,0,67.99604014,0,41.67499235,0,18.64407552,65.80261949,0
2020-04-24,53.85150996,40.99144788,40.99144788,0,80.375388,0,16.0750776,0,53.85150996,0,32.1501552,66.71157204,0
2020-04-25,46.4,46.4,46.4,104.4,0,0,116,1160,58,0,23.2,46.4,0
2020-04-26,38.34072779,46.91694322,14.63001455,0,40.86314409,0,18.66588064,0,50.44832604,0,17.65691412,17.65691412,0
2020-04-27,39.51610421,46.29029351,30.48385182,27.09675718,44.03223041,0,112.9031549,0,51.93545125,0,15.80644169,19.19353633,0
2020-04-28,49.43564862,61.10795455,0,68.66062308,51.49546731,0,66.60080439,0,60.42134831,0,20.59818693,0,0
2020-04-29,29.20025765,25.76493322,13.74129772,50.67103534,0,0,85.88311074,0,49.81220423,0,33.49441319,67.84765748,0
2020-04-30,38.7479312,54.7029617,45.58580142,113.9645035,90.0319578,0,99.14911808,0,52.42367163,0,17.09467553,92.31124787,0
2020-05-01,94.81942562,58.00717803,99.28151624,111.5522654,63.5847913,0,76.97106315,0,71.39344988,0,15.61731716,0,0
2020-05-02,34.78636364,69.57272727,76.53,111.3163636,354.8209091,695.7272727,125.2309091,0,76.53,0,27.82909091,0,0
2020-05-03,42.33256221,41.64977895,17.7523648,68.27832615,0,0,23.21463089,0,53.2570944,0,29.35968025,66.22997637,0
2020-05-04,83.25443489,81.86686097,138.7573915,86.02958272,65.215974,0,59.66567834,0,80.47928706,0,13.87573915,29.13905221,0
2020-05-05,51.57210145,62.42938596,21.71456903,271.4321129,0,0,27.14321129,0,81.42963387,0,21.71456903,27.14321129,0
2020-05-06,23.82904435,50.24820221,25.90113516,23.82904435,35.74356652,0,0,0,51.80227032,0,21.75695353,50.24820221,0
2020-05-07,28.16646501,62.59214447,67.28655531,25.03685779,0,0,78.24018059,0,28.94886682,0,25.03685779,67.28655531,0
2020-05-08,51.94172303,30.69283634,80.27357196,24.79036781,0,0,50.76122933,0,49.58073562,118.0493705,16.52691187,48.40024191,0
2020-05-09,40.2437403,35.02695915,32.04594135,74.525445,0,0,12.66932565,0,49.93204815,0,20.8671246,25.3386513,0
2020-05-10,21.14987674,27.87938298,26.91802494,96.13580337,36.53160528,0,63.44963023,0,41.33839545,0,22.11123478,16.34308657,0
2020-05-11,30.57509158,22.08201058,77.28703704,84.93080993,29.72578348,0,14.43823769,0,35.67094017,0,11.04100529,53.50641026,0
2020-05-12,28.25,32.95833333,23.54166667,70.625,0,470.8333333,0,0,37.66666667,108.2916667,28.25,47.08333333,0
2020-05-13,45.33610075,45.33610075,41.70921269,121.50075,58.03020897,0,154.1427426,0,85.23186942,181.344403,19.94788433,179.530959,0
2020-05-14,34.6702738,51.2517091,46.72949948,94.96640216,0,0,42.20728985,0,72.35535403,150.7403209,39.19248343,0,0
2020-05-15,56.60263651,59.50533582,50.07156307,72.5674827,0,0,15.96484619,0,46.44318893,0,25.39861895,31.92969239,0
2020-05-16,32.81144616,51.56084397,35.62385583,93.74698904,0,0,19.6868677,0,40.31120529,0,23.43674726,21.56180748,0
2020-05-17,18.03696735,53.01775253,54.65747683,32.7944861,48.64515438,0,0,0,43.72598146,0,18.03696735,20.7698412,0
2020-05-18,28.81056546,49.61819608,33.07879739,30.41115244,42.14879022,0,0,0,53.35289901,0,18.13998566,0,0
2020-05-19,64.32991453,68.11402715,19.67738562,75.68225239,0,0,75.68225239,0,62.05944696,0,29.51607843,0,0
2020-05-20,59.41351775,55.49614296,24.15714458,47.66139336,0,0,32.64478997,0,65.28957995,0,23.50424878,0,0
2020-05-21,58.52074592,78.02766123,57.2202849,28.61014245,41.61475265,0,37.71336959,0,65.02305102,130.046102,13.0046102,33.81198653,0
2020-05-22,55.01386961,92.76848602,107.8703326,29.1249898,44.22683636,0,83.06015608,0,52.85646296,0,32.36109977,93.84718934,0
2020-05-23,56.11928857,67.69945923,57.01007093,0,0,0,89.07823583,0,53.4469415,0,15.14330009,16.03408245,0
2020-05-24,74.34017094,92.92521368,18.58504274,0,57.61363248,0,0,0,64.11839744,0,21.37279915,48.32111111,0
2020-05-25,37.72725677,57.98819096,39.82321548,51.70031483,40.52186838,0,69.86529032,0,44.0151329,0,9.781140644,33.53533935,0
2020-05-26,32.97666219,81.83097654,89.15912369,28.09123075,0,0,0,0,51.29703007,122.1357859,8.549505012,36.64073576,0
2020-05-27,62.05724431,80.59382378,20.95439418,0,0,0,53.19192369,0,57.22161488,0,18.53657947,24.17814713,0
2020-05-28,21.89472239,46.58451572,11.64612893,22.36056755,0,0,31.67747069,0,32.60916101,0,10.71443862,43.32359962,0
2020-05-29,41.7,35.74285714,0,35.74285714,59.57142857,0,0,0,41.7,0,11.91428571,23.82857143,595.7142857
2020-05-30,128.3969231,144.2662057,0,0,124.0689369,0,98.10101988,0,112.5276404,0,18.75460674,0,0
2020-05-31,45.67479092,44.04354839,42.41230585,106.0307646,0,0,75.03715651,0,50.56851852,163.1242533,14.6811828,0,0
2020-06-01,21.40740741,32.11111111,48.16666667,32.11111111,0,535.1851852,21.40740741,0,48.16666667,0,10.7037037,21.40740741,0
2020-06-02,28.45218314,35.71657032,0,24.21462395,30.87364553,0,30.87364553,0,32.08437673,0,7.264387184,60.53655986,0
2020-06-03,28.00952381,24.50833333,10.50357143,17.50595238,0,0,35.01190476,0,21.00714286,0,0,24.50833333,350.1190476
2020-06-04,22.63540373,39.94483011,43.49548167,41.72015589,0,0,44.38314456,0,23.07923517,0,10.20812325,13.75877481,0
2020-06-05,30.54589947,26.82078978,53.64157956,74.50219383,0,0,17.13550458,0,17.88052652,0,3.725109692,15.6454607,0
2020-06-06,26.53963047,24.64394258,15.16550312,189.5687891,47.39219726,0,17.06119101,0,32.22669414,0,9.478439453,73.93182773,0
2020-06-07,68.74742029,37.49859289,52.08137901,43.74835837,66.66416513,0,120.8287993,0,47.91486869,208.325516,4.166510321,0,0
2020-06-08,23.57696257,61.74918768,0,46.03121263,0,0,60.62647517,0,57.25833766,0,6.736275019,112.2712503,0
2020-06-09,23.24519231,24.79487179,32.54326923,0,154.9679487,0,0,0,20.14583333,94.53044872,6.198717949,13.94711538,0
2020-06-10,18.29538123,33.36216578,18.29538123,33.36216578,107.6198896,0,0,0,47.35275142,0,16.14298344,21.52397792,0
2020-06-11,23.08938272,22.34456392,10.05505376,18.24806053,0,0,26.06865791,0,34.63407407,0,10.05505376,37.24093986,0
2020-06-12,10.47545156,46.73663004,45.1250221,38.67859038,0,0,80.58039661,0,52.3772578,0,9.669647594,0,0
2020-06-13,50.16987179,34.78444444,48.16307692,0,0,0,28.09512821,0,66.89316239,0,16.7232906,0,0
2020-06-14,20.26012223,15.75787285,0,75.03748974,0,0,48.77436833,0,57.7788671,0,12.75637326,0,0
2020-06-15,12.38327273,25.27198516,16.6795102,15.6686308,0,0,0,0,17.69038961,0,10.10879406,0,0
2020-06-16,28.5362707,25.41511609,12.48461843,24.52335763,37.45385529,0,16.94341073,0,38.34561375,0,11.59285997,44.58792297,0
2020-06-17,46.9642328,28.58692432,85.76077295,44.92230964,0,0,0,0,55.13192547,204.1923165,6.125769496,51.04807914,0
2020-06-18,16.61783999,18.16883838,0,19.05512318,0,0,0,0,21.93554878,0,0,22.15711998,0
2020-06-19,0,54.25333333,33.90833333,0,108.5066667,678.1666667,27.12666667,0,33.90833333,0,6.781666667,40.69,0
2020-06-20,23.52773109,24.39912854,0,0,0,0,0,0,29.62751323,0,3.049891068,43.56987239,0
2020-06-21,27.78650235,42.74846515,42.74846515,41.03852654,0,0,0,0,30.35141026,0,10.25963164,0,0
2020-06-22,27.79298874,25.70851459,13.89649437,25.36110223,0,0,34.74123593,0,31.6145247,0,10.07495842,0,0
2020-06-23,34.77467033,27.39822511,34.77467033,0,0,0,22.12933566,0,36.88222611,0,7.376445221,105.3777889,0
2020-06-24,49.62807018,24.81403509,0,0,0,0,0,0,47.14666667,0,3.970245614,29.77684211,0
2020-06-25,10.375,20.75,20.75,0,0,0,10.375,1037.5,20.75,0,0,0,0
2020-06-26,21.95238095,8.780952381,35.12380952,39.51428571,0,439.047619,43.9047619,0,30.73333333,0,8.780952381,26.34285714,0
2020-06-27,50.03157895,86.41818182,0,0,227.4162679,0,52.30574163,0,90.96650718,0,18.19330144,0,0
2020-06-28,30.40102167,41.64523517,32.89973578,0,0,0,0,0,27.48585521,0,13.32647525,0,0
2020-06-29,12.51190476,25.02380952,16.68253968,0,45.87698413,0,41.70634921,0,40.31613757,139.021164,9.731481481,19.46296296,0
2020-06-30,20.05165499,26.73553998,32.20417316,27.9507918,48.61007269,0,0,0,60.76259087,0,21.2669068,0,0
2020-07-01,81.92458741,53.60497694,27.3081958,0,86.9816607,0,37.4223424,0,83.94741672,0,12.13697591,101.1414659,0
2020-07-02,40.6007177,23.81908772,41.14206061,23.27774482,0,0,17.32297289,0,54.13429027,0,11.90954386,0,0
2020-07-03,32.06335181,29.83673016,15.58635158,0,0,0,20.03959488,0,44.53243307,0,9.351810945,0,0
2020-07-04,38.76703448,25.17339901,0,0,0,0,0,0,50.34679803,0,14.60057143,22.65605911,0
2020-07-05,34.94575758,99.84502165,32.94885714,60.9054632,94.85277056,0,0,0,85.86671861,0,14.97675325,0,0
2020-07-06,18.40906372,25.03632666,23.93178284,0,36.81812744,0,0,0,32.39995215,0,10.67725696,29.08632068,0
2020-07-07,34.33142857,51.49714286,0,0,68.66285714,0,60.58487395,0,100.9747899,0,14.13647059,0,0
2020-07-08,53.39166667,71.18888889,35.59444444,88.98611111,0,0,0,0,88.98611111,296.6203704,11.86481481,41.52685185,0
2020-07-09,62.82712068,38.27399306,0,70.77077962,0,0,72.21508124,0,70.0486288,0,8.665809749,44.77335037,0
2020-07-10,58.06829726,45.44475438,27.77179434,0,0,0,37.87062865,0,100.9883431,252.4708576,17.67296004,0,0
2020-07-11,12.21,36.63,31.93384615,26.76807692,0,0,19.25423077,0,46.96153846,0,23.48076923,19.25423077,0
2020-07-12,13.19380926,28.47085156,69.44110137,22.22115244,0,0,15.2770423,0,49.99759299,0,20.1379194,15.97145332,0
2020-07-13,38.90740741,23.34444444,31.12592593,27.23518519,42.79814815,0,0,0,54.47037037,389.0740741,27.23518519,35.01666667,0
2020-07-14,33.58467119,27.04220278,43.61645609,0,0,0,17.882747,0,40.99946873,0,19.62740524,34.89316487,0
2020-07-15,54.804,11.4175,13.701,0,37.67775,0,85.63125,0,57.0875,114.175,36.536,0,0
2020-07-16,39.15,52.2,32.625,26.1,0,652.5,19.575,0,65.25,0,26.1,19.575,0
2020-07-17,56.85555556,51.68686869,16.79823232,0,0,0,65.90075758,0,50.39469697,0,24.55126263,129.2171717,0
2020-07-18,36.59743108,46.35674603,29.27794486,29.27794486,0,0,58.55588972,0,56.11606099,243.9828739,34.15760234,73.19486216,0
2020-07-19,37.8,54,21.6,0,70.2,0,27,0,64.8,540,37.8,54,0
2020-07-20,83.33287708,52.94088662,22.54889615,0,0,0,29.41160368,0,98.03867892,0,31.37237725,26.47044331,0
2020-07-21,49.84613912,59.10327925,57.67910384,0,0,0,24.21098186,0,65.51206856,0,20.65054335,71.20877018,0
2020-07-22,90.47853535,23.98226238,40.33380492,0,40.33380492,0,51.23483327,0,29.43277656,109.0102836,11.99113119,65.40617014,0
2020-07-23,64.16074561,42.77383041,45.15015432,0,45.15015432,0,71.28971735,0,47.52647823,237.6323912,9.505295647,19.01059129,0
2020-07-24,125.9360119,35.98171769,57.97054516,0,0,0,199.8984316,0,63.96749811,171.9126512,15.99187453,97.95023148,0
2020-07-25,75.55880271,17.00073061,43.44631156,0,0,0,188.8970068,0,51.00219183,175.6742163,13.22279047,73.66983264,0
2020-07-26,65.37295152,59.42995593,73.29694565,0,0,0,198.0998531,0,83.2019383,0,17.82898678,29.71497796,0
2020-07-27,129.6666667,64.83333333,32.41666667,64.83333333,97.25,0,259.3333333,0,97.25,0,10.80555556,86.44444444,1080.555556
2020-07-28,52.89627525,28.38336721,20.64244888,104.5023975,58.05688747,0,129.0153055,0,51.6061222,0,15.48183666,49.02581609,0
2020-07-29,40.9953661,37.8418764,48.87909035,28.3814073,89.87445646,0,157.674485,0,39.41862125,0,11.03721395,18.9209382,0
2020-07-30,89.67802246,21.52272539,82.50378066,21.52272539,33.18086831,0,45.73579145,0,39.45832988,0,12.55492314,29.59374741,0
2020-07-31,87.47185018,32.36458457,13.12077753,0,76.97522816,0,84.84769468,0,49.8589546,0,6.123029513,48.1095176,0
2020-08-01,107.9571429,44.98214286,62.975,0,0,899.6428571,206.9178571,0,53.97857143,161.9357143,8.996428571,71.97142857,638.7464286
2020-08-02,72.70493155,21.08443015,15.26803563,0,0,0,58.16394524,0,38.53361372,0,7.997542471,19.63033152,0
2020-08-03,62.57364223,40.22591286,56.82708325,63.85065534,0,0,63.85065534,0,60.01961602,0,14.04714417,0,0
2020-08-04,90.625,20.13888889,30.20833333,0,0,0,70.48611111,1006.944444,40.27777778,0,10.06944444,30.20833333,0
2020-08-05,78.71212121,33.73376623,16.86688312,0,0,0,118.0681818,0,61.8452381,123.6904762,11.24458874,16.86688312,562.2294372
2020-08-06,97.9047619,52.21587302,39.16190476,156.647619,52.21587302,652.6984127,156.647619,0,45.68888889,0,6.526984127,130.5396825,0
2020-08-07,54.36607851,66.72200545,123.5592693,0,103.7897863,0,59.30844929,0,33.36100272,96.37623009,4.942370774,109.9677497,0
2020-08-08,61.47148378,39.11821695,64.26564214,0,40.51529613,0,50.29485037,0,33.52990024,0,8.382475061,139.7079177,0
2020-08-09,192.1698873,54.90568208,105.2358907,0,162.4293095,0,102.9481539,0,73.20757611,228.7736753,20.58963078,61.76889234,0
2020-08-10,135.766549,44.80296118,36.65696824,0,0,0,67.88327452,0,70.5986055,0,10.86132392,43.44529569,0
2020-08-11,98.60490008,31.65095558,121.7344445,0,46.25908892,0,38.95502225,0,41.38971114,0,15.82547779,38.95502225,0
2020-08-12,112.3885068,69.68087425,101.1496562,0,0,0,24.72547151,0,56.19425342,0,8.991080548,48.32705795,0
2020-08-13,91.29889663,54.25006901,47.63420694,0,0,0,21.17075864,0,39.69517245,132.3172415,9.262206905,60.86593109,0
2020-08-14,185.0687171,114.9669303,95.33843003,0,280.4071472,0,0,0,134.5954306,0,8.412214415,246.7582895,0
2020-08-15,121.7178423,93.07835,357.9936538,0,0,0,121.7178423,0,82.33854038,0,3.579936538,157.5172077,0
2020-08-16,46.22129199,21.00967818,45.17080808,52.52419544,46.22129199,0,73.53387362,0,34.66596899,0,11.555323,105.0483909,0
2020-08-17,35.18740573,23.45827049,99.69764957,105.5622172,293.2283811,0,70.37481146,0,38.11968954,0,14.66141905,70.37481146,0
2020-08-18,53.18257081,66.47821351,35.4550472,57.61445171,443.1880901,0,128.5245461,0,75.34197531,283.6403776,8.863761801,119.6607843,0
2020-08-19,45.12866836,32.43623038,141.0270886,50.7697519,83.20598229,0,18.33352152,0,50.7697519,0,12.69243798,83.20598229,0
2020-08-20,27.08333333,54.16666667,90.27777778,54.16666667,126.3888889,0,18.05555556,902.7777778,45.13888889,117.3611111,9.027777778,36.11111111,0
2020-08-21,64.59848485,43.06565657,118.4305556,75.36489899,236.8611111,0,21.53282828,1076.641414,43.06565657,0,10.76641414,43.06565657,0
2020-08-22,38.83339901,49.92865588,135.9168966,0,105.4049402,0,66.57154117,0,34.67267769,138.6907108,8.321442646,80.44061224,0
2020-08-23,91.6,91.6,101.7777778,50.88888889,81.42222222,0,71.24444444,0,61.06666667,0,10.17777778,0,1017.777778
2020-08-24,58.05148718,40.42871429,103.66337,22.80594139,74.63762637,0,49.75841758,0,31.09901099,0,7.256435897,0,0
2020-08-25,63.0027195,57.75249288,102.3794192,28.87624644,262.5113313,0,0,0,47.25203963,0,7.875339938,63.0027195,0
2020-08-26,51.45557573,66.70167224,131.4975824,190.5762064,171.5185858,0,0,0,49.54981366,0,9.52881032,0,0
2020-08-27,38.53671329,70.65064103,41.74810606,0,62.62215909,0,0,0,44.95949883,160.5696387,20.87405303,25.69114219,0
2020-08-28,96.05610203,58.2635373,25.19504316,47.24070592,0,0,67.71167848,0,67.71167848,0,7.873450986,157.4690197,0
2020-08-29,39.07995495,41.31309524,50.24565637,22.33140283,111.6570142,0,15.63198198,0,20.09826255,101.6078829,11.16570142,31.26396396,0
2020-08-30,100.4847619,68.07032258,97.24331797,42.13877112,324.1443932,0,61.58743472,0,45.38021505,188.0037481,16.20721966,0,0
2020-08-31,43.53306177,46.75773301,90.29079477,35.47138366,161.2335621,0,24.18503431,0,41.92072614,0,14.51102059,0,0
2020-09-01,49.01234568,33.08333333,58.81481481,26.95679012,41.66049383,0,19.60493827,0,35.53395062,122.5308642,11.02777778,17.15432099,0
2020-09-02,15.76588076,26.07434125,42.44660204,0,60.63800291,0,13.34036064,0,23.64882113,0,9.095700436,37.5955618,0
2020-09-03,58.55746606,17.92575492,62.14261705,37.04656016,119.5050328,0,25.09605688,0,40.63171115,0,9.560402623,100.3842275,0
2020-09-04,52.10411765,16.70003771,66.80015083,24.71605581,0,0,50.76811463,0,22.71205128,0,0,0,0
2020-09-05,79.55820106,35.80119048,71.60238095,131.2710317,218.7850529,0,0,0,47.73492063,397.7910053,11.93373016,27.84537037,0
2020-09-06,39.2972583,21.61349206,44.20941558,56.98102453,98.24314574,0,39.2972583,0,23.57835498,0,6.877020202,55.01616162,0
2020-09-07,49.3456627,31.66960442,73.65024283,0,61.12970155,0,23.56807771,0,39.77113113,0,8.101526712,22.83157528,0
2020-09-08,128.7656081,124.6118788,91.38204448,257.5312162,415.3729294,0,0,0,103.8432324,0,12.46118788,170.3029011,0
2020-09-09,26.87614379,31.50996169,44.4846518,56.53257832,92.67635791,0,18.53527158,0,42.63112464,0,4.633817895,37.07054316,0
2020-09-10,30.7502189,49.83656166,103.9145328,30.7502189,0,0,0,0,44.53479979,0,7.422466631,106.0352376,0
2020-09-11,35.28501191,64.08910327,72.01022839,0,46.08654617,0,0,0,33.84480735,0,10.08143198,20.88296623,0
2020-09-12,30.84161802,37.76524656,18.2532025,62.9420776,0,0,0,0,37.13582579,0,8.182470088,20.14146483,0
2020-09-13,26.99232309,37.27511284,128.5348719,73.26487696,62.98208721,0,51.41394875,0,26.99232309,0,20.5655795,24.42162565,0
2020-09-14,51.3021387,57.22161624,56.56389651,65.77197269,0,0,43.40950197,0,35.51686525,0,11.18123536,44.72494143,0
2020-09-15,27.34078448,34.44938845,47.02614931,54.68156897,44.83888655,0,0,0,31.71531,0,9.295866724,0,0
2020-09-16,28.225656,45.1610496,67.7415744,0,50.8061808,564.51312,0,0,39.5159184,0,5.6451312,22.5805248,0
2020-09-17,124.5541069,76.04355999,115.3764358,0,108.8209565,0,45.88835516,0,73.42136826,0,10.48876689,131.1095862,0
2020-09-18,45.58276708,39.27876738,48.49230541,28.61046019,0,0,38.30892127,0,23.27630659,0,12.60799941,38.30892127,0
2020-09-19,53.46926612,24.59586242,22.45709177,0,0,0,0,0,24.59586242,0,12.83262387,25.66524774,0
2020-09-20,34.58514001,45.70179215,46.93697572,0,123.5183572,0,55.58326073,0,53.11289358,0,17.29257,0,0
2020-09-21,38.01316618,17.88854879,41.73994718,40.24923478,61.86456457,0,26.08746699,0,36.52245378,0,9.689630595,74.53561996,0
2020-09-22,26.15971593,21.29279204,51.71106637,46.84414248,0,0,27.98481239,0,36.50192921,0,15.81750266,60.83654868,0
2020-09-23,26.05569726,28.79840224,0,37.02651716,54.8540995,0,20.57028731,0,30.16975472,137.1352487,15.08487736,23.31299229,0
2020-09-24,23.34083633,42.79153326,45.57020425,0,0,0,0,0,37.78992548,0,7.224544577,55.57341982,0
2020-09-25,30.09789134,37.94951517,43.83823304,42.52962907,65.43019857,0,0,0,41.2210251,0,6.543019857,27.4806834,0
2020-09-26,62.87334907,31.43667454,30.48404803,0,95.26265011,0,0,0,54.29971056,0,14.28939752,0,0
2020-09-27,12.20295565,29.28709357,61.01477827,0,46.37123149,0,18.91458126,0,17.08413792,0,12.20295565,18.30443348,0
2020-09-28,44.59277283,67.43297355,108.7628606,0,87.01028845,0,35.89174399,0,38.0670012,0,8.701028845,33.71648677,0
2020-09-29,89.85245077,89.85245077,168.4733452,190.9364579,101.0840071,0,44.92622539,0,44.92622539,561.5778173,5.615778173,84.2366726,0
2020-09-30,16.58898349,16.58898349,27.64830582,0,38.70762814,0,0,0,22.11864465,0,11.05932233,16.58898349,552.9661163
2020-10-01,29.58190538,30.78933009,48.29698837,0,0,0,60.37123547,0,27.16705596,0,7.244548256,19.31879535,0
2020-10-02,15.12512644,32.18112009,23.17040646,21.23953926,0,0,15.12512644,0,25.74489607,0,1.609056004,27.03214088,0
2020-10-03,51.25220066,34.16813377,95.18265836,122.0290492,93.96236787,0,41.48987672,0,45.1507482,0,9.762323935,78.09859148,0
2020-10-04,18.51978334,20.57753704,69.96362595,125.522976,0,0,0,0,30.86630556,205.7753704,18.51978334,28.80855186,0
2020-10-05,21.81960212,40.91175397,0,51.13969246,0,0,68.18625661,0,32.04754061,0,19.77401442,33.41126574,0
2020-10-06,57.98722484,37.69169615,48.70926887,44.07029088,0,0,31.31310141,0,46.96965212,0,7.538339229,30.15335692,0
2020-10-07,22.68852615,24.57923666,43.48634179,39.70492076,62.39344691,0,54.83060486,0,30.2513682,189.0710513,13.23497359,54.83060486,0
2020-10-08,49.15790233,57.0231667,37.36000577,196.6316093,112.0800173,0,45.22527014,0,55.05685061,0,11.79789656,0,0
2020-10-09,18.97026463,10.76690695,51.27098548,29.73717158,0,0,0,0,14.35587594,0,10.2541971,20.50839419,0
2020-10-10,25.42558945,32.40516303,45.86576921,0,49.85409696,0,19.44309782,0,20.93872072,0,4.486868727,38.88619563,0
2020-10-11,53.92696506,33.70435316,33.70435316,168.5217658,97.74262417,0,40.4452238,0,35.38957082,0,5.055652974,40.4452238,0
2020-10-12,49.41085795,59.29302954,0,164.7028598,135.0563451,0,57.64600095,0,51.05788655,0,6.588114394,0,0
2020-10-13,16.10307698,16.10307698,20.12884622,20.12884622,0,402.5769244,0,0,12.07730773,0,4.025769244,0,0
2020-10-14,43.96520433,12.56148695,50.24594781,56.52669129,0,628.0743476,18.84223043,0,18.84223043,0,6.280743476,18.84223043,0
2020-10-15,33.30443652,31.91675167,47.18128507,0,69.38424276,0,61.75197605,0,36.77364866,0,7.632266703,29.14138196,0
2020-10-16,15.82575012,19.21698229,56.52053616,0,0,0,37.86875922,0,21.47780374,0,4.521642893,16.95616085,0
2020-10-17,31.26325414,12.8179342,19.69585011,0,0,0,22.82217552,0,16.5695247,0,11.88003657,23.13480807,0
2020-10-18,55.06420215,51.82513143,33.47039738,0,107.9690238,0,42.10791929,0,46.42668024,0,10.79690238,41.02822905,0
2020-10-19,41.33340143,24.80004086,36.47064832,35.4980977,0,0,48.6275311,0,32.58044584,0,2.917651866,23.82749024,0
2020-10-20,17.69659569,5.732700013,24.92478266,24.67553484,0,0,15.9518609,0,10.96690437,0,3.987965226,0,0
2020-10-21,46.7901078,57.35561602,40.75267454,150.9358316,0,0,0,0,78.48663245,0,6.037433265,51.31818275,0
2020-10-22,49.16328137,15.73225004,17.04327088,65.55104183,0,0,0,0,23.59837506,0,2.622041673,20.32082297,0
2020-10-23,22.73729699,59.11697218,0,227.3729699,0,0,0,0,47.74832368,0,11.3686485,138.6975117,0
2020-10-24,41.45486371,34.37720405,0,79.8764447,0,0,101.1094237,0,57.6323715,0,6.066565421,46.51033489,0
2020-10-25,21.41662337,33.99464028,19.71689136,0,0,0,24.8160874,0,28.89544424,0,6.11903525,0,0
2020-10-26,30.63571882,30.63571882,51.05953137,91.90715647,0,1021.190627,0,0,51.05953137,0,10.21190627,0,0
2020-10-27,28.4605709,23.96679655,25.46472133,149.7924784,0,0,0,0,29.95849569,0,4.493774353,59.91699138,0
2020-10-28,11.97045356,21.46426155,0,20.22593877,0,0,41.27742606,0,14.44709912,0,6.604388169,38.80078049,0
2020-10-29,23.21960806,50.47740883,20.69573762,40.88670115,0,0,0,0,34.32463801,0,6.562063148,24.73393033,0
2020-10-30,14.75883868,29.51767736,81.17361274,81.17361274,0,737.941934,81.17361274,0,29.51767736,0,7.37941934,51.65593538,0
2020-10-31,29.29471133,23.01727319,64.8668608,209.2479381,0,0,43.94206699,0,43.94206699,0,39.75710823,0,0
2020-11-01,14.9318283,24.3624567,47.15314201,0,78.58857002,0,33.00719941,0,25.14834241,0,7.858857002,31.43542801,0
2020-11-02,12.36425354,9.806132119,42.63535704,40.07723562,0,0,13.64331425,0,17.48049639,0,0,26.00756779,0
2020-11-03,27.72050649,49.14089788,24.57044894,0,0,0,63.00115112,0,44.7308173,0,7.560138135,29.61054103,0
2020-11-04,47.53862886,38.03090308,127.4035253,0,66.5540804,0,135.009706,0,34.22781278,190.1545154,11.40927093,0,0
2020-11-05,31.3564431,40.836298,54.69147053,72.92196071,0,0,24.06424703,0,18.95970978,0,6.562976464,22.60580782,0
2020-11-06,73.08563236,58.13629847,84.71289205,166.1037099,0,0,0,0,44.84800168,0,6.644148396,162.7816357,0
2020-11-07,7.261794383,28.00977833,48.75776229,103.7399198,0,0,0,0,36.30897191,0,17.63578636,93.36592778,0
2020-11-08,28.24429007,19.2574705,42.7943789,28.67223386,0,0,0,0,15.83392019,0,9.842707146,17.11775156,0
2020-11-09,12.07549825,33.68428458,62.91970139,41.31091505,63.55525393,0,27.96431173,0,17.15991856,0,10.16884063,26.05765411,0
2020-11-10,17.04433363,46.26319129,0,30.43631006,46.8719175,0,60.87262012,0,14.60942883,0,7.304714415,17.65305984,0
2020-11-11,16.23340995,10.8222733,45.09280543,0,0,0,12.17505747,0,14.42969774,0,0,11.72412941,0
2020-11-12,33.09161268,49.63741902,16.54580634,49.63741902,0,0,0,1654.580634,33.09161268,0,0,33.09161268,0
2020-11-13,14.65552416,42.98953753,24.91439107,48.85174719,0,0,17.09811152,0,13.18997174,0,5.862209663,15.6325591,0
2020-11-14,20.1513387,20.1513387,40.3026774,0,0,0,40.3026774,1007.566935,30.22700805,0,0,40.3026774,0
2020-11-15,17.89782427,27.74162762,89.48912134,31.32119247,0,0,60.85260251,0,34.00586611,0,15.21315063,40.2701046,0
2020-11-16,18.47043341,18.47043341,46.17608352,27.70565011,0,0,18.47043341,923.5216704,18.47043341,0,0,27.70565011,0
2020-11-17,13.19214604,54.23437818,32.2474681,0,0,0,21.98691007,0,23.45270408,146.5794005,2.93158801,61.5633482,0
2020-11-18,32.3053004,7.091407405,10.24314403,0,0,0,0,0,15.75868312,0,1.575868312,39.39670781,0
2020-11-19,13.57579607,35.41512019,59.02520032,0,47.22016026,0,0,0,11.21478806,0,7.673276042,0,0
2020-11-20,93.03961285,159.4964792,0,101.9005284,0,0,221.5228877,0,53.16549305,0,8.860915509,68.6720952,0
2020-11-21,46.83439121,126.5794357,43.03700814,44.3028025,0,0,62.0239235,0,30.37906457,0,7.594766143,27.84747586,0
2020-11-22,19.00469708,22.62463938,18.0997115,0,0,0,12.66979805,0,11.76481248,90.4985575,1.80997115,46.15426433,0
2020-11-23,29.56347533,59.12695066,43.96619408,0,0,0,75.80378289,0,18.95094572,0,9.854491776,56.09479934,0
2020-11-24,29.58374567,53.78862849,36.57626737,0,0,0,0,0,10.21983941,0,5.916749134,0,0
2020-11-25,30.65202872,30.65202872,30.65202872,36.78243446,0,0,24.52162298,613.0405744,12.26081149,0,0,0,0
2020-11-26,24.53406174,36.80109262,49.06812349,24.53406174,0,0,0,1226.703087,12.26703087,0,0,36.80109262,0
2020-11-27,27.01113804,61.7397441,0,0,385.8734006,0,115.7620202,0,30.86987205,262.3939124,15.43493602,150.4906262,0
2020-11-28,6.763669687,30.06075416,0,0,37.5759427,0,15.03037708,0,13.9030988,0,1.878797135,14.65461765,0
2020-11-29,11.36643262,22.73286523,18.77932345,37.06445418,0,0,26.19221429,0,22.73286523,0,0,49.41927224,0
2020-11-30,11.0416087,31.65261162,0,0,0,0,0,0,23.5554319,0,5.888857976,73.6107247,0
2020-12-01,42.7161782,99.67108247,0,0,118.6560506,0,49.83554123,0,33.22369416,0,11.86560506,0,0
2020-12-02,22.67944362,34.77514689,0,58.96655342,0,0,21.16748072,0,18.1435549,151.1962908,13.60766617,0,0
2020-12-03,16.99954843,14.06859181,19.53971084,18.95351952,0,0,13.48240048,0,13.48240048,0,0,0,0
2020-12-04,28.7939218,62.82310212,0,65.44073137,0,0,0,0,54.97021435,0,5.23525851,43.19088271,0
2020-12-05,27.57390507,17.72608183,37.42172831,35.94455483,0,0,23.63477578,0,23.14238461,0,2.954346972,49.2391162,0
2020-12-06,34.75262788,21.72039242,23.16841858,0,72.40130808,0,0,0,28.23651015,0,3.620065404,0,0
2020-12-07,8.842303997,12.57572124,7.663330131,0,0,0,0,0,6.28786062,0,5.108886754,19.64956444,0
2020-12-08,15.55537159,20.74049545,0,0,0,0,36.29586704,0,15.55537159,0,0,15.55537159,518.5123863
2020-12-09,21.07543855,11.66676063,37.63471169,0,0,0,0,0,13.17214909,0,4.139818286,15.80657891,0
2020-12-10,17.53560432,17.53560432,0,0,0,584.5201439,46.76161151,0,11.69040288,0,5.845201439,0,0
2020-12-11,8.384442894,0,9.31604766,0,31.67456205,0,0,0,9.31604766,93.1604766,0,12.11086196,0
2020-12-12,20.16518422,15.68403217,0,49.29267254,0,0,33.60864037,0,20.16518422,224.0576025,6.721728074,31.36806434,0
2020-12-13,15.89519002,9.829920141,20.91472371,0,0,0,9.411625667,0,7.529300534,0,2.300619608,9.20247843,0
2020-12-14,14.07871329,27.21884569,31.28602953,0,0,0,0,0,14.70443388,0,5.318625019,20.0230589,0
2020-12-15,31.20315349,52.00525582,0,0,0,0,0,0,27.04273302,0,5.72057814,0,0
2020-12-16,6.300797899,42.00531933,0,0,0,0,31.5039895,0,18.06228731,0,7.140904286,0,0
2020-12-17,72.06533674,28.8261347,28.8261347,0,0,0,43.23920205,0,23.06090776,288.261347,5.76522694,40.35658858,0
2020-12-18,23.68503471,56.39293978,0,53.57329279,0,0,37.78326965,0,18.04574073,0,9.022870364,0,0
2020-12-19,13.39265839,31.65537438,0,0,0,0,33.48164598,0,23.13277359,0,7.913843596,60.87571997,0
2020-12-20,13.2974304,20.89596206,0,0,74.08568366,0,0,0,20.89596206,189.9632914,11.39779749,0,0
2020-12-21,4.861902715,5.918838087,0,16.48819181,0,0,0,0,6.764386386,0,1.268322447,21.13870745,0
2020-12-22,21.34311572,6.845905042,14.09451038,28.99442135,0,0,40.27002966,0,8.456706228,0,0,0,0
2020-12-23,25.48348657,34.65754173,0,0,101.9339463,0,41.79291797,0,24.4641471,0,5.096697314,37.71556012,0
2020-12-24,8.595034641,11.74654734,10.02754041,0,0,0,14.32505774,0,8.881535796,0,0,0,0
2020-12-25,5.402525092,12.79545416,0,0,0,0,28.43434259,0,12.79545416,0,0,23.88484777,0
2020-12-26,21.11833659,51.50813803,0,0,0,0,0,0,45.32716147,0,6.180976564,0,0
2020-12-27,7.093993544,7.765046987,8.244370875,0,0,0,0,0,9.586477762,0,0,0,0
2020-12-28,31.29263248,4.023338462,35.76300855,0,0,0,23.69299316,0,8.940752137,0,6.258526496,44.70376069,0
2020-12-29,0,18.91114561,40.23648002,0,0,0,0,0,29.37263041,0,6.840201603,0,0
2020-12-30,13.8673586,6.455494521,19.60557595,0,0,0,12.67189665,0,7.650956469,0,0,23.90923897,0
2020-12-31,7.102091682,21.30627505,49.71464178,0,56.81673346,710.2091682,21.30627505,0,7.102091682,0,0,0,0
2021-01-01,34.58217439,14.1786915,0,0,0,0,0,0,17.63690894,0,15.90780022,0,0
2021-01-02,9.541241736,14.74555541,33.82803888,0,0,0,86.73856123,0,27.75633959,0,6.071699286,85.00379001,0
2021-01-03,21.29440142,17.33265232,0,0,36.15096055,0,49.52186377,0,11.8852473,0,3.961749101,15.35177777,0
2021-01-04,8.659872253,35.82038068,30.70318344,0,0,0,0,0,22.43694175,0,5.11719724,39.36305569,0
2021-01-05,7.738453908,23.21536172,0,0,0,773.8453908,0,0,7.738453908,0,15.47690782,0,0
2021-01-06,12.63428948,4.535385967,32.39561405,0,0,0,26.88835966,0,5.183298248,0,0,16.84571931,0
2021-01-07,6.002770051,15.14984822,21.43846447,0,0,0,28.58461929,0,15.14984822,0,0,0,0
2021-01-08,8.503180195,44.21653702,0,0,170.0636039,0,0,0,22.10826851,0,0,0,0
2021-01-09,15.90024499,10.44873242,22.7146357,0,0,0,45.42927141,0,11.81161057,0,0,0,0
2021-01-10,20.17238222,24.08642653,11.74213293,0,0,0,0,0,12.3442936,0,3.914044311,30.10803316,0
2021-01-11,3.929379373,13.09793124,0,24.88606936,0,0,39.29379373,0,11.78813812,130.9793124,6.548965621,18.33710374,0
2021-01-12,18.88372242,9.441861211,75.53488969,0,0,0,37.76744484,0,9.441861211,0,18.88372242,66.09302848,944.1861211
2021-01-13,44.785332,10.30062636,0,40.3067988,0,0,30.90187908,0,12.53989296,0,0,0,0
2021-01-14,4.526821925,21.39952183,14.81505357,27.16093155,0,0,41.15292659,0,10.69976091,0,7.407526786,37.03763393,0
2021-01-15,25.8141443,20.81785831,0,83.27143322,0,0,0,0,12.49071498,0,7.49442899,28.3122873,0
2021-01-16,4.389093487,9.446092504,5.152414093,9.54150758,0,0,0,0,4.484508563,0,0,0,0
2021-01-17,18.4162638,12.60060155,0,18.73935615,32.30923474,0,13.89297094,0,11.95441685,0,3.554015821,13.56987859,0
2021-01-18,20.22405273,8.426688638,37.07743001,33.70675455,0,0,23.59472819,0,10.11202637,168.5337728,16.85337728,0,0
2021-01-19,0,5.970610527,9.994282839,0,0,0,6.619589932,0,7.268569337,0,0,12.9795881,0
2021-01-20,46.42836086,24.39456249,25.96840523,48.0022036,78.69213706,0,0,0,25.18148386,0,3.934606853,32.26377619,0
2021-01-21,25.87323013,10.34929205,14.66149708,28.46055315,86.24410045,0,0,0,14.66149708,0,2.587323013,36.22252219,0
2021-01-22,9.429945729,28.28983719,17.28823384,0,0,0,0,0,15.71657621,157.1657621,7.858288107,0,0
2021-01-23,15.65324105,4.373699706,0,0,0,0,11.97012551,0,6.67564692,0,0,23.01947214,0
2021-01-24,10.7675331,4.037824911,17.83372669,33.64854093,0,0,0,0,18.1702121,0,5.720251958,23.21749324,0
2021-01-25,7.022419194,14.35016096,24.42580589,22.59387045,0,0,0,0,14.65548354,0,5.801128899,30.53225736,0
2021-01-26,37.64983969,17.56992519,52.70977557,0,0,0,35.13985038,0,25.09989313,250.9989313,12.54994656,32.62986107,0
2021-01-27,9.187223085,5.971695005,0,0,0,0,0,0,4.593611543,0,3.123655849,0,0
2021-01-28,17.49791188,18.33114577,15.41482713,0,0,0,41.66169494,0,15.83144408,0,4.999403393,38.32875935,0
2021-01-29,19.09085244,15.9090437,33.93929322,62.57557188,106.0602913,0,43.48471944,0,23.33326409,0,10.60602913,42.42411653,0
2021-01-30,28.69146967,26.48443354,34.20905999,32.00202386,110.3518064,0,0,0,14.34573483,0,11.03518064,20.96684322,0
2021-01-31,20.6164168,7.086893276,21.26067983,0,64.42630251,0,0,0,10.3082084,0,3.221315126,0,0
2021-02-01,29.82857096,42.61224422,27.2718363,0,0,0,0,0,18.74938746,0,4.261224422,32.81142805,0
2021-02-02,6.404351442,14.73000832,10.88739745,0,64.04351442,0,24.97697062,0,8.325656875,0,3.202175721,13.44913803,0
2021-02-03,6.142401835,7.780375658,0,40.94934557,0,0,0,0,10.64682985,0,0,0,0
2021-02-04,28.06778831,5.432475156,23.54072568,45.2706263,0,0,0,0,28.06778831,0,3.621650104,90.5412526,0
2021-02-05,0,29.47852148,31.13928325,0,0,0,0,0,41.51904433,0,4.98228532,38.61271123,0
2021-02-06,0,26.58269961,0,0,0,0,53.16539921,1329.13498,13.2913498,0,13.2913498,53.16539921,0
2021-02-07,9.028541855,34.60941045,16.55232673,61.69503601,0,0,21.06659766,0,15.04756976,150.4756976,10.53329883,0,0
2021-02-08,11.98532486,6.618761492,6.976532383,0,0,0,17.88854457,0,5.545448817,0,0,8.407615949,0
2021-02-09,46.02508673,16.56903122,0,44.64433413,0,0,0,0,15.18827862,0,3.682006938,28.53555377,0
2021-02-10,10.18041541,25.69342937,0,0,0,0,48.47816863,0,17.45214071,0,8.726070354,45.08469683,0
2021-02-11,8.429559776,15.9225018,0,19.66897281,0,0,0,0,5.619706517,93.66177528,2.809853259,12.17603079,0
2021-02-12,12.66189523,15.47564973,0,0,0,0,0,0,20.0982464,0,17.8874393,0,0
2021-02-13,13.08266202,21.1814528,22.42742061,0,0,0,62.29839059,0,16.82056546,0,3.737903436,0,0
2021-02-14,7.198624774,7.868264287,0,16.74098785,0,0,0,0,9.877182829,0,0,10.37941246,0
2021-02-15,2.639278638,11.99672108,0,0,23.99344216,0,0,0,12.47658993,0,1.199672108,0,0
2021-02-16,13.59873089,5.575479663,0,0,0,0,0,0,6.935352752,0,3.671657339,0,0
2021-02-17,15.71128647,2.618547745,13.09273872,0,0,0,17.02056034,0,11.78346485,130.9273872,6.546369362,0,0
2021-02-18,34.45239963,9.036694986,0,38.97074713,56.47934366,0,0,0,12.99024904,0,9.601488422,50.83140929,0
2021-02-19,23.84775852,18.66346319,26.95833572,52.87981237,77.76442996,0,0,0,30.06891292,0,4.147436265,103.6859066,0
2021-02-20,0,20.68749284,41.37498568,0,0,0,0,0,37.23748711,413.7498568,12.4124957,0,0
2021-02-21,12.4225138,4.140837933,0,0,62.11256899,0,28.98586553,0,20.70418966,207.0418966,10.35209483,26.91544656,0
2021-02-22,22.80440197,24.81655509,0,0,0,0,0,0,10.39612443,0,12.40827754,33.53588525,0
2021-02-23,17.35735007,28.24823639,0,0,0,0,0,0,34.03401975,0,9.52952553,0,0
2021-02-24,23.16017673,15.59767004,32.61331009,30.25002675,47.26566679,0,0,0,19.37892338,0,2.36328334,20.79689339,0
2021-02-25,14.78034545,6.223303346,38.89564591,0,0,0,17.1140842,0,7.390172723,0,4.27852105,0,0
2021-02-26,32.11639399,46.76597721,56.34455086,0,0,0,0,0,27.60882992,0,4.507564069,0,0
2021-02-27,9.378550905,45.01704435,0,66.58771143,93.78550905,0,0,0,24.38423235,0,10.316406,39.3899138,0
2021-02-28,9.161317108,25.6516879,15.87961632,0,0,0,61.07544738,0,14.65810737,0,5.496790265,59.24318396,0
2021-03-01,22.09235511,0,0,0,0,0,16.56926634,0,11.04617756,0,0,0,552.3088778
2021-03-02,8.513925678,28.25075339,0,0,0,0,0,0,22.05880744,0,4.643959461,38.69966217,0
2021-03-03,3.781882466,3.094267472,0,0,0,0,34.38074969,0,11.6894549,0,2.062844981,0,0
2021-03-04,5.880419965,4.602067799,0,0,0,0,0,0,10.99382863,0,0,25.56704333,0
2021-03-05,6.116117656,7.157158959,0,0,0,0,0,0,10.15015271,0,1.691692118,13.01301629,0
2021-03-06,12.61322557,12.61322557,25.22645113,0,0,0,0,1261.322557,12.61322557,0,12.61322557,0,0
2021-03-07,10.91376277,8.929442263,37.70208955,0,0,0,0,0,9.921602514,99.21602514,1.984320503,15.87456402,0
2021-03-08,6.849631952,2.250593356,9.785188503,9.002373423,0,0,0,0,3.914075401,0,1.467778275,5.968964987,0
2021-03-09,9.827843996,7.794496962,0,33.88911723,0,0,0,0,9.827843996,0,8.133388134,0,0
2021-03-10,7.432911539,12.21121181,13.00759519,26.54611264,0,0,17.52043434,0,9.291139423,0,3.981916896,16.19312871,0
2021-03-11,0,2.257230114,0,0,0,0,0,0,3.825813752,0,0,0,0
2021-03-12,0,17.31763464,0,0,0,0,0,0,1.822908909,0,3.645817819,30.38181516,0
2021-03-13,7.417394008,0,0,0,0,0,0,0,5.192175806,0,0,0,0
2021-03-14,14.83017411,5.783767904,0,0,0,0,0,0,14.38526889,0,0,0,0
2021-03-15,3.954376978,7.908753956,15.81750791,28.99876451,0,0,19.77188489,0,5.272502637,131.8125659,5.272502637,21.09001055,0
2021-03-16,9.968205704,12.71805555,0,34.37312312,0,0,0,0,9.968205704,0,5.499699699,22.34253003,0
2021-03-17,10.76816869,9.05505094,0,0,0,0,24.47311065,0,10.52343758,0,0,0,0
2021-03-18,4.937956786,19.75182714,0,0,0,0,0,0,15.99897999,0,0,0,0
2021-03-19,12.79818307,10.52295053,0,0,0,0,0,0,9.100930185,0,3.412848819,28.44040683,0
2021-03-20,4.16575955,6.627344739,14.95886384,0,0,0,18.93527068,0,12.11857324,0,2.272232482,18.93527068,0
2021-03-21,7.211472353,5.666156849,25.7552584,0,0,0,0,0,19.3164438,0,4.120841345,0,0
2021-03-22,14.6915812,12.02038461,0,33.38995726,0,0,0,0,14.02378205,0,0,0,0
2021-03-23,4.839424709,4.1224729,0,0,17.92379522,0,0,0,3.226283139,0,0,13.62208437,0
2021-03-24,6.744255361,16.01760648,22.76186184,0,0,0,0,0,12.6454788,0,6.744255361,84.30319201,0
2021-03-25,20.30750453,8.550528221,0,0,106.8816028,0,47.02790522,0,22.44513658,0,5.344080138,43.82145713,0
2021-03-26,4.797562031,16.54331735,0,0,0,0,0,0,9.429690889,0,5.293861552,0,0
2021-03-27,14.19105334,16.92967766,24.8965848,0,0,0,0,0,9.95863392,0,7.717941288,0,0
2021-03-28,40.07553048,15.51310857,0,64.63795239,0,0,43.95380762,0,19.39138572,0,10.34207238,0,0
2021-03-29,7.127258693,3.959588163,0,0,26.13328187,0,0,0,5.543423428,79.19176326,0,21.38177608,0
2021-03-30,9.121804591,4.46968425,6.202827122,0,0,0,0,0,3.739939883,0,0,7.662315857,0
2021-03-31,6.892016442,5.513613154,68.92016442,42.73050194,0,0,30.32487235,0,17.23004111,0,13.78403288,28.25726741,0
2021-04-01,2.910785165,0,20.79132261,0,0,0,0,0,6.237396783,0,1.455392583,0,0
2021-04-02,17.31115151,13.62792779,30.57075693,0,0,0,36.83223726,0,30.9390793,0,13.25960541,0,0
2021-04-03,78.97035545,81.72513529,91.82599471,88.15295492,0,0,0,0,40.40343767,0,7.346079577,0,0
2021-04-04,12.00693978,9.33873094,33.3526105,0,0,0,0,0,24.68093177,0,2.00115663,66.705221,0
2021-04-05,18.36697087,16.14067137,21.70642011,0,0,0,0,0,35.62079198,0,7.235473371,55.65748747,0
2021-04-06,34.0869891,45.44931881,24.99712534,0,0,0,30.90553679,0,21.36117984,0,11.3623297,32.26901635,0
2021-04-07,13.00455596,6.935763179,7.802733577,14.44950662,0,0,0,0,5.346317451,0,0,0,0
2021-04-08,19.2915872,31.69332182,34.44926285,0,0,0,0,0,8.267823084,0,5.511882056,21.70303559,0
2021-04-09,13.69752376,11.20706489,0,24.90458865,0,0,0,0,10.70897312,0,0,15.19179908,0
2021-04-10,5.338312424,17.65749494,0,41.06394172,0,0,0,0,6.570230675,0,0,0,0
2021-04-11,3.633017977,27.41277201,13.21097446,0,0,0,33.02743615,0,6.275212869,0,8.5871334,15.52289499,0
2021-04-12,18.96108873,21.48923389,21.48923389,0,63.2036291,0,28.44163309,0,15.80090727,0,6.952399201,54.98715731,0
2021-04-13,0,31.6402116,0,0,0,0,0,0,19.30052908,0,4.113227508,0,0
2021-04-14,9.135830352,3.045276784,0,0,0,0,0,0,9.135830352,0,0,21.31693749,304.5276784
2021-04-15,6.912089806,5.760074839,23.04029935,0,0,0,0,0,18.66264248,0,7.372895794,0,0
2021-04-16,10.8788874,19.77979527,9.296503776,17.20842188,0,0,12.06567511,0,11.07668535,0,0,0,0
2021-04-17,17.40936549,0,0,0,0,0,0,0,17.64784995,0,2.861813505,23.84844588,0
2021-04-18,42.62724507,12.78817352,0,0,0,0,0,0,22.16616743,0,3.836452056,0,0
2021-04-19,19.64319722,12.97854102,0,35.07713788,0,0,0,0,13.68008377,0,2.806171031,21.74782549,0
2021-04-20,11.98036665,6.845923802,14.97545832,0,42.78702376,0,0,0,11.98036665,0,0,0,0
2021-04-21,7.577720711,8.370737994,8.811303152,0,0,0,0,0,3.260182166,0,0,0,0
2021-04-22,13.3233135,11.58549,0,0,0,0,57.92744999,0,14.4818625,0,14.4818625,0,0
2021-04-23,2.652467106,18.56726975,10.12760168,0,0,0,24.11333733,0,6.269467706,0,0,11.81553529,0
2021-04-24,16.66704879,18.5189431,0,0,0,0,0,0,8.333524393,0,0,0,0
2021-04-25,7.1560699,46.0033065,49.58134145,51.114785,0,0,0,0,14.3121398,0,11.2452527,30.15772315,0
2021-04-26,17.3489288,29.96633156,0,0,0,0,0,0,28.38915622,0,9.463052072,157.7175345,0
2021-04-27,0,8.884263271,0,34.17024335,0,0,11.27618031,0,7.175751104,0,4.442131636,11.27618031,0
2021-04-28,5.012719906,12.53179977,0,35.80514219,0,0,0,0,6.802977016,0,5.370771328,0,0
2021-04-29,16.71485759,14.07566955,43.98646734,28.59120377,0,0,0,0,4.398646734,0,0,0,0
2021-04-30,3.707986765,6.025478492,12.97795368,23.17491728,0,0,0,0,11.58745864,0,0,0,0
2021-05-01,23.80091208,11.90045604,0,32.1633947,0,0,20.58457261,0,13.83025972,0,0,0,0
2021-05-02,7.531554671,0,0,0,0,0,0,0,15.74779613,0,4.792807518,68.46867883,0
2021-05-03,18.14134772,15.43057163,0,0,0,0,0,0,6.255637146,0,0,20.85212382,0
2021-05-04,0,9.224591856,19.1587677,0,0,0,23.65279963,0,11.82639982,0,2.838335956,0,0
2021-05-05,9.256643135,4.272296832,35.6024736,0,0,0,22.07353363,0,6.764469983,0,0,21.71750889,0
2021-05-06,4.258260546,10.91861678,0,0,0,0,9.280824267,0,2.402095693,0,0,0,0
2021-05-07,27.86182966,6.308338792,0,52.56948993,0,0,33.11877866,0,12.09098268,0,4.205559194,0,0
2021-05-08,38.9491514,25.96610093,0,68.45608428,118.0277315,0,42.48998334,0,17.70415973,0,5.901386575,0,0
2021-05-09,3.295709576,3.820027008,3.894929498,7.490249035,0,0,4.643954402,0,4.19453946,0,0,0,0
2021-05-10,13.28005835,23.66264942,24.14556063,0,0,0,0,0,7.485123796,0,3.863289701,0,0
2021-05-11,11.74741811,15.44567937,21.75447798,0,0,0,0,0,14.79304503,0,3.263171697,0,0
2021-05-12,11.3475981,18.99489246,20.47501395,0,0,0,24.66869151,0,9.374102774,0,9.374102774,0,0
2021-05-13,0,11.27017907,24.50038929,0,0,0,0,0,9.31014793,0,7.59512068,0,0
2021-05-14,0,4.358176517,8.716353034,0,0,0,11.46888557,0,2.981910249,0,0,0,0
2021-05-15,5.855196893,3.903464595,19.51732298,0,0,0,0,0,5.855196893,195.1732298,9.758661489,0,0
2021-05-16,25.75355025,4.292258374,0,33.8015347,53.65322968,0,0,0,10.19411364,0,0,23.07088876,0
2021-05-17,8.480144696,31.09386389,0,0,0,0,0,0,22.61371919,282.6714899,5.653429798,42.40072348,0
2021-05-18,33.98717926,7.477179438,0,0,0,0,0,0,17.67333322,0,0,0,0
2021-05-19,25.52371791,22.33325317,45.57806769,0,0,0,0,0,3.646245415,0,7.748271507,0,0
2021-05-20,4.526068863,8.023485712,0,0,0,0,0,0,5.143260072,0,0,20.57304029,0
2021-05-21,0,6.593229586,0,52.08651373,0,0,0,0,12.52713621,0,0,65.93229586,0
2021-05-22,27.32835331,7.707997087,0,0,0,0,70.07270079,0,10.51090512,0,15.41599417,0,0
2021-05-23,0,7.222471283,0,0,45.14044552,0,0,0,14.44494257,0,4.514044552,19.41039157,0
2021-05-24,8.342401827,0,0,59.58858448,0,0,37.54080822,0,20.26011872,0,4.767086758,0,0
2021-05-25,21.08710745,5.904390087,0,0,0,0,0,0,6.115261161,0,8.013100832,0,0
2021-05-26,7.542460121,4.165239171,8.668200437,0,0,0,0,0,4.165239171,0,0,11.25740316,0
2021-05-27,16.96521614,0,57.49323247,54.66569645,94.25120077,0,0,0,4.712560038,0,4.712560038,74.45844861,0
2021-05-28,2.386941655,7.9203064,0,0,0,0,0,0,2.603936351,0,0,10.84973479,0
2021-05-29,11.64493762,23.97487158,0,0,68.49963309,0,23.28987525,0,8.219955971,0,0,0,0
2021-05-30,0.962637162,1.49053496,3.105281166,0,0,0,0,0,1.552640583,0,0,0,0
2021-05-31,11.70114267,18.85184096,0,0,65.00634815,0,24.7024123,0,7.800761778,0,3.250317408,25.35247578,0
2021-06-01,3.080504271,5.134173785,0,20.53669514,0,0,0,0,5.134173785,0,3.285871222,0,0
2021-06-02,12.6323888,42.10796268,0,0,0,0,0,0,17.2642647,0,14.31670731,0,0
2021-06-03,12.43219651,4.834743089,0,0,69.06775841,0,29.00845853,0,17.95761719,0,6.216098257,0,0
2021-06-04,3.710649032,14.84259613,0,0,0,0,16.19192305,0,2.023990381,0,4.047980762,16.86658651,0
2021-06-05,0,5.347928523,48.61753202,47.64518138,0,0,0,0,11.66820769,0,0,0,0
2021-06-06,30.1136916,7.829559815,0,0,0,0,24.39209019,0,7.528422899,0,6.022738319,0,0
2021-06-07,20.4897906,16.8950905,35.94700106,33.79018099,0,0,0,0,2.875760085,0,0,23.00608068,0
2021-06-08,4.710880655,15.47860787,0,0,0,0,22.43276502,0,2.467604153,0,2.467604153,0,0
2021-06-09,0,2.719799604,22.6649967,22.6649967,0,0,15.41219776,0,9.065998681,0,3.626399472,14.95889782,0
2021-06-10,0,18.04215565,0,0,112.7634728,0,0,0,9.021077823,0,12.40398201,0,0
2021-06-11,5.014575689,0,0,0,0,0,0,0,4.905563174,0,1.417162695,10.9012515,0
2021-06-12,4.247543728,3.228133233,0,0,0,0,0,0,2.97328061,0,2.421099925,0,0
2021-06-13,4.335244109,1.576452403,7.619519948,13.13710336,0,0,0,0,2.233307571,0,0,9.721456486,0
2021-06-14,4.025815428,3.019361571,0,25.16134643,0,0,0,0,7.296790464,0,0,0,0
2021-06-15,9.558155089,15.93025848,17.52328433,30.26749111,0,0,0,0,11.15118094,159.3025848,0,0,0
2021-06-16,0,3.238843886,29.44403533,0,0,0,0,0,2.355522826,0,0,17.96086155,0
2021-06-17,0,0,0,10.35193616,0,0,0,0,3.105580849,0,1.759829148,6.832277868,0
2021-06-18,9.479372194,8.125176167,0,0,0,0,0,0,10.41689252,0,0,0,0
2021-06-19,23.32502947,20.21502554,0,77.75009823,0,0,0,0,27.21253438,0,6.220007858,0,0
2021-06-20,19.6856502,7.874260082,0,0,0,0,0,0,13.77995514,0,5.511982057,0,0
2021-06-21,7.454362264,6.099023671,0,0,0,0,0,0,2.03300789,0,0,67.76692968,0
2021-06-22,4.589312692,0,15.96282676,0,0,0,0,0,7.382807374,0,0,19.95353344,0
2021-06-23,12.86365667,2.781331172,0,0,34.76663965,0,0,0,5.214995948,0,1.738331983,14.25432226,0
2021-06-24,0,0,0,0,0,0,0,0,1.994065802,0,0,66.46886006,0
2021-06-25,7.176171349,5.894712179,25.62918339,0,0,0,0,0,3.844377508,0,0,0,0
2021-06-26,18.37973958,14.33619687,0,0,0,0,0,0,7.168098436,0,4.778732291,0,0
2021-06-27,17.87212956,0,0,0,357.4425912,0,0,0,35.74425912,0,7.148851825,0,0
2021-06-28,5.374182139,4.299345711,0,0,53.74182139,0,25.25865605,0,4.299345711,0,2.687091069,0,0
2021-06-29,14.29151925,5.456761896,25.98458046,0,0,0,0,0,7.795374137,0,7.535528333,0,0
2021-06-30,5.730690639,18.48609883,0,0,0,0,0,0,6.470134592,0,3.142636802,0,0
2021-07-01,8.891144365,6.935092605,0,0,0,0,0,0,4.979040844,0,0,0,0
2021-07-02,9.500895808,25.33572216,41.1705485,66.50627066,0,0,47.50447904,0,6.333930539,316.6965269,6.333930539,0,0
2021-07-03,0,0,0,0,0,0,86.29735553,0,23.30028599,0,10.35568266,0,0
2021-07-04,8.220824244,6.679419698,30.82809092,51.38015153,0,0,33.91090001,0,9.76222879,0,4.624213637,39.56271667,0
2021-07-05,5.148627043,1.383213235,6.224459559,0,0,0,0,0,4.457020425,0,1.921129494,7.684517974,0
2021-07-06,20.36780996,0,24.53953007,0,0,0,0,0,9.079626125,0,6.625673119,0,0
2021-07-07,0,15.00903535,0,0,0,0,0,0,3.463623541,0,0,28.86352951,0
2021-07-08,10.65042492,0,0,0,0,0,0,0,11.2109736,0,5.38126733,0,0
2021-07-09,6.846952363,5.290826826,0,0,0,0,0,0,11.20410387,0,3.734701289,31.12251074,0
2021-07-10,0,9.196432592,0,0,0,0,0,0,7.0325661,0,7.0325661,54.09666231,0
2021-07-11,6.653697874,5.151249967,0,0,0,0,0,0,7.154513843,0,3.791892337,0,0
2021-07-12,0,12.06299929,0,0,0,0,16.99013985,0,10.19408391,0,0,0,0
2021-07-13,10.40323679,0,0,0,0,0,0,0,7.074201016,0,0,0,0
2021-07-14,0,0,0,0,0,0,0,0,3.293480025,0,0.922174407,0,0
2021-07-15,1.431480656,2.35171822,10.22486183,0,0,0,0,0,2.760712693,0,0.817988946,0,0
2021-07-16,0,0,51.68126714,0,0,0,0,0,15.50438014,0,7.752190071,0,0
2021-07-17,11.62103358,4.357887593,0,0,72.63145988,0,0,0,7.989460586,0,3.631572994,0,0
2021-07-18,6.967702158,0,0,0,77.41891286,0,0,0,9.290269544,0,0,0,0
2021-07-19,5.033448304,12.22408874,17.97660108,0,0,0,0,0,0,0,5.572746336,0,0
2021-07-20,10.193181,3.938274478,0,0,0,0,23.16632046,0,8.339875366,0,2.779958455,0,0
2021-07-21,0,2.703084979,0,0,0,0,0,0,7.723099941,0,1.853543986,0,0
2021-07-22,0,6.260283641,0,0,0,0,33.73597295,0,17.73747032,0,4.521315963,34.77935356,0
2021-07-23,0,4.122235523,0,0,0,0,24.24844426,0,3.637266638,0,1.454906655,0,0
2021-07-24,3.75330084,8.340668534,0,0,0,0,0,0,2.001760448,0,2.168573819,0,0
2021-07-25,3.916863852,2.978448554,0,0,0,0,0,0,3.18245188,0,4.080066513,0,0
2021-07-26,0,8.853698362,0,0,42.16046839,0,0,0,2.951232787,0,0,0,0
2021-07-27,0,0,9.248508389,0,0,0,0,0,5.641590117,0,1.387276258,0,0
2021-07-28,28.72515731,15.4673924,0,0,0,0,42.86677322,0,30.0509338,0,5.303105965,44.19254971,0
2021-07-29,0,0,0,0,0,0,0,0,4.328573747,0,0,0,0
2021-07-30,0,7.051017155,16.92244117,28.20406862,0,0,20.02488872,0,7.615098527,0,4.794691665,20.87101078,0
2021-07-31,11.37552697,8.531645229,0,0,0,0,0,0,9.669197927,0,0,0,0
2021-08-01,1.871557565,2.673653664,0,0,0,0,0,0,3.475749763,0,0.980339677,8.912178881,0
2021-08-02,1.416837998,0,5.667351991,0,0,0,0,0,2.493634876,0,0.736755759,0,0
2021-08-03,2.660499102,2.112749287,0,0,0,0,0,0,3.912498679,0,1.486749498,0,0
2021-08-04,1.706642357,2.637538188,0,0,0,0,7.757465258,0,1.861791662,0,0,0,0
2021-08-05,1.618510184,0,0,0,0,0,0,0,4.046275459,0,0,0,0
2021-08-06,13.77716006,5.235320822,0,0,0,0,0,0,13.36384526,0,0,0,0
2021-08-07,3.556902247,1.280484809,0,0,0,0,0,0,3.485764202,0,0,0,0
2021-08-08,5.568653512,8.538602052,0,37.12435675,0,0,24.50207545,0,9.652332755,0,3.341192107,25.61580616,0
2021-08-09,24.22333806,18.65197031,0,0,0,0,0,0,20.10537059,0,6.540301276,0,0
2021-08-10,4.513231904,7.051924849,0,0,0,0,0,0,6.135174619,0,2.468173697,0,0
2021-08-11,0,6.537561287,0,0,0,0,0,0,5.480985725,0,6.603597259,0,0
2021-08-12,9.036809739,6.855510836,31.16141289,0,0,0,0,0,9.348423868,0,0,0,0
2021-08-13,5.846633639,8.769950458,0,36.54146024,0,0,0,0,14.25116949,0,0,26.30985137,0
2021-08-14,7.006248507,0,0,0,0,0,0,0,21.01874552,175.1562127,7.006248507,0,0
2021-08-15,4.270587631,3.416470105,17.08235052,0,0,0,0,0,6.491293199,0,7.516234231,0,0
2021-08-16,2.809286571,0,0,0,0,0,0,0,8.779020534,0,1.580223696,0,0
2021-08-17,0,5.458359456,0,0,0,0,0,0,7.182051916,0,1.292769345,0,0
2021-08-18,6.593805594,0,23.62780338,0,0,0,54.94837995,0,14.28657879,0,7.143289394,0,0
2021-08-19,11.53606302,27.46681672,0,0,0,0,0,0,22.79745788,0,6.042699678,0,0
2021-08-20,0,9.743022604,0,0,0,0,0,0,7.169393992,0,0,18.38306152,0
2021-08-21,3.268025805,4.793104513,21.7868387,0,0,0,6.536051609,0,3.485894191,0,1.742947096,6.753919996,0
2021-08-22,5.839919273,8.759878909,17.17623316,0,0,0,0,0,7.214017925,0,0,0,0
2021-08-23,4.419982864,6.875528899,0,0,0,0,0,0,9.822184142,0,0,0,0
2021-08-24,12.38223009,9.802598824,19.08927139,0,51.59262539,0,0,0,12.38223009,0,0,0,0
2021-08-25,0,17.74862263,0,0,0,0,0,0,8.999301614,0,0,24.99806004,0
2021-08-26,8.020430832,15.32793448,0,0,0,0,0,0,9.802748794,0,2.138781555,17.82317963,0
2021-08-27,7.311774361,17.00412642,0,0,0,0,0,0,16.66404389,0,3.910949077,0,0
2021-08-28,4.013037119,0,29.42893887,0,0,0,0,0,9.363753277,133.767904,2.675358079,0,0
2021-08-29,3.922473505,9.209285622,0,0,0,0,16.37206333,0,9.550370274,0,5.798439095,17.05423263,0
2021-08-30,11.32265751,4.586392915,0,0,0,0,0,0,14.33247786,0,0,0,0
2021-08-31,17.36380059,3.551686485,17.16648468,0,0,0,19.73159158,0,8.879216211,0,0,19.13964383,0
2021-09-01,65.460144,11.12822448,51.05891232,0,0,0,0,0,18.98344176,0,7.20061584,0,0
2021-09-02,4.748637779,7.869171176,0,0,0,0,0,0,13.56753651,0,0,0,0
2021-09-03,15.92613172,0,15.12982513,0,0,0,0,0,4.459316882,0,0,8.600111129,0
2021-09-04,0,5.395033945,0,0,38.53595675,0,0,0,8.092550918,0,0,0,0
2021-09-05,42.11889761,24.42896061,31.58917321,0,0,0,0,0,11.79329133,0,4.211889761,0,0
2021-09-06,6.072702962,23.42328285,43.37644973,36.43621777,0,0,0,0,11.27787693,0,3.036351481,0,0
2021-09-07,6.890083531,3.609091374,16.40496079,0,0,0,0,0,7.546281963,0,1.148347255,10.3351253,0
2021-09-08,1.934637861,4.542193239,0,0,0,0,0,0,4.710422618,0,1.009376275,8.411468961,0
2021-09-09,6.430594241,5.261395288,0,0,0,0,0,0,14.61498691,0,3.507596859,29.22997382,0
2021-09-10,17.21723717,8.861813249,0,0,0,0,0,0,12.91292788,0,0,25.31946643,0
2021-09-11,3.151497331,9.59774187,0,0,0,0,0,0,6.589494418,0,5.443495389,14.32498787,0
2021-09-12,0,11.38164964,0,19.29093159,0,0,0,0,4.051095635,0,0,13.11783348,0
2021-09-13,8.332111588,6.66568927,0,55.54741058,0,0,0,0,20.55254192,0,0,0,0
2021-09-14,3.386672689,7.804071848,0,0,0,0,0,0,5.595372269,0,0,14.72466386,0
2021-09-15,19.94563284,24.47873121,0,67.99647559,0,0,43.51774438,0,27.19859024,0,5.439718047,90.66196745,0
2021-09-16,15.63911761,7.529945516,8.495323146,0,0,0,0,0,5.985341308,0,0,19.30755261,0
2021-09-17,8.035570718,6.263018353,9.689952924,0,0,0,11.6988456,0,5.908507881,0,0,11.81701576,0
2021-09-18,0,18.56308144,0,0,0,0,0,0,18.01710846,0,7.097648786,54.59729836,0
2021-09-19,13.58606381,5.249161016,0,0,0,0,0,0,8.028128612,0,0,30.87741774,0
2021-09-20,18.24758549,4.926848082,0,0,0,0,0,0,10.58359958,0,0,0,0
2021-09-21,63.40382112,38.04229267,0,190.2114634,0,1268.076422,0,0,12.68076422,0,12.68076422,0,0
2021-09-22,4.292834669,10.30280321,0,0,42.92834669,0,0,0,7.727102405,0,0,0,0
2021-09-23,4.462477394,3.966646573,0,0,49.58308216,0,0,0,4.958308216,0,12.39577054,0,0
2021-09-24,28.54101696,23.11822373,25.11609492,0,0,0,0,0,15.12673899,0,7.420664409,0,0
2021-09-25,6.317480796,4.738110597,0,0,0,0,52.6456733,0,5.26456733,0,0,0,0
2021-09-26,0.664163376,1.530463432,0,0,0,0,2.425640157,0,1.270573416,0,0,2.887666854,0
2021-09-27,6.370083841,2.439606577,0,0,0,0,13.55336987,0,6.099016443,0,0,0,0
2021-09-28,0,27.64940822,33.00090659,0,89.19163943,0,34.78473938,0,14.27066231,0,4.459581972,38.35240496,0
2021-09-29,0,3.936370831,35.78518937,31.49096665,0,0,0,0,10.37770492,0,7.872741661,0,0
2021-09-30,3.534164724,2.650623543,0,0,0,0,13.84214517,0,3.828678451,0,0,29.4513727,0
2021-10-01,0,14.01674518,0,0,87.6046574,0,0,0,17.52093148,0,0,0,0
2021-10-02,62.4079254,49.92634032,0,0,0,0,178.3083583,0,5.349250748,0,10.6985015,0,0
2021-10-03,15.06537265,12.25657436,0,25.53452992,0,0,0,0,8.426394874,0,0,16.85278975,0
2021-10-04,6.997323149,5.59785852,12.72240573,0,0,0,0,0,11.19571704,0,0,0,0
2021-10-05,9.880081057,0,36.51334304,0,0,0,42.95687416,0,38.66118674,0,5.584393641,0,0
2021-10-06,5.460900976,6.702014834,0,0,0,0,12.41113858,0,4.468009889,0,1.48933663,24.82227716,0
2021-10-07,14.7780583,18.335739,27.36677462,0,0,0,0,0,10.6730421,0,12.58871633,0,0
2021-10-08,8.022060003,0,27.66227587,0,0,0,0,0,8.851928279,0,13.27789242,0,0
2021-10-09,3.523999975,0,0,25.17142839,0,0,0,0,6.041142814,0,0,15.10285704,0
2021-10-10,0,0,14.72860632,0,0,0,0,0,3.387579454,0,0,0,0
2021-10-11,6.039737736,7.381901677,33.55409853,0,0,0,0,0,7.046360692,0,0,13.42163941,0
2021-10-12,19.24410444,30.97831447,46.9368401,0,0,0,0,0,7.040526015,0,7.040526015,0,0
2021-10-13,10.61963923,9.439679315,0,0,117.9959914,0,48.37835649,0,15.33947889,0,5.899799572,49.5583164,0
2021-10-14,2.810265772,4.643047798,0,0,0,0,12.21854684,0,9.286095595,0,0,11.9741759,0
2021-10-15,0,6.589187234,0,61.18531003,94.1312462,0,0,0,12.23706201,0,0,0,0
2021-10-16,13.19575375,10.556603,0,0,131.9575375,0,0,0,32.98938436,0,13.19575375,0,0
2021-10-17,15.75616356,8.19320505,0,0,0,0,0,0,6.144903787,0,0,0,0
2021-10-18,10.82192888,8.939854295,0,0,0,0,0,0,13.88030009,0,5.881483089,23.52593235,0
2021-10-19,13.58276762,0,0,30.86992642,0,0,0,0,5.247887491,0,0,0,0
2021-10-20,8.344778527,6.846997766,0,0,0,0,0,0,21.39686802,0,9.628590608,0,0
2021-10-21,3.269661323,10.54729459,0,0,0,0,0,0,8.01594389,0,1.793040081,0,0
2021-10-22,5.3139005,2.1255602,9.683107578,0,0,0,11.6905811,0,6.022420567,0,1.535126811,11.80866778,0
2021-10-23,0,11.27910628,0,0,161.1300897,0,124.0701691,0,38.67122154,0,8.056504487,64.4520359,0
2021-10-24,10.52068788,10.52068788,0,0,0,0,0,1052.068788,10.52068788,0,0,0,0
2021-10-25,14.18793398,11.10360051,0,0,0,0,0,0,9.561433769,0,7.710833685,30.84333474,0
2021-10-26,11.57235939,26.03780864,0,0,0,0,96.43632828,0,15.42981252,0,5.786179697,0,0
2021-10-27,15.79777428,15.79777428,0,31.59554855,0,789.8887138,23.69666141,0,7.898887138,0,7.898887138,23.69666141,0
2021-10-28,41.39078018,22.19505604,0,0,0,0,0,0,26.99398708,0,7.798262933,59.98663795,0
2021-10-29,27.09859947,4.927018085,0,0,73.90527128,0,0,0,4.927018085,246.3509043,4.927018085,32.02561755,0
2021-10-30,10.82728521,11.1963972,0,0,0,0,12.05765853,0,7.013127919,0,0,12.30373319,0
2021-10-31,14.27367856,4.229238092,36.47717854,0,52.86547615,0,0,0,12.68771428,0,0,0,0
2021-11-01,5.160438684,5.160438684,15.48131605,25.80219342,36.12307079,0,15.48131605,0,5.160438684,0,0,0,516.0438684
2021-11-02,4.420682018,4.420682018,0,0,0,0,0,0,8.841364037,0,4.420682018,0,442.0682018
2021-11-03,9.564547934,11.12156736,0,0,0,0,0,0,3.892548578,0,5.227136661,0,0
2021-11-04,2.613753248,8.316487606,0,0,0,0,11.88069658,0,2.25733235,0,2.970174145,0,0
2021-11-05,0,3.982451187,0,16.59354661,0,0,0,0,4.978063984,0,1.493419195,11.11767623,0
2021-11-06,0,6.54809556,0,0,0,0,0,0,7.357410741,0,4.855891089,0,0
2021-11-07,0,11.58113073,0,0,0,0,0,0,4.363904334,0,0,16.78424744,0
2021-11-08,8.488935628,9.965272259,15.13245047,0,0,0,18.08512373,0,5.905346524,0,0,36.90841577,0